{"accuracy": [0.7858005166053772, 0.84375, 0.8413426876068115, 0.875, 0.8514851331710815, 0.90625, 0.8628350496292114, 0.96875, 0.8724945783615112, 0.75], "loss": [0.4528476297855377, 0.4902358055114746, 0.35035082697868347, 0.341342031955719, 0.3222335875034332, 0.7354115843772888, 0.31115007400512695, 0.1814974844455719, 0.2826513946056366, 0.855169415473938], "precision": [0.9260700345039368, 0.9090909361839294, 0.9608513712882996, 1.0, 0.966982901096344, 0.95652174949646, 0.9696969985961914, 1.0, 0.9694852828979492, 0.7777777910232544], "recall": [0.7734806537628174, 0.8695651888847351, 0.8202465772628784, 0.7777777910232544, 0.8283485174179077, 0.9166666865348816, 0.8418317437171936, 0.9523809552192688, 0.8556132316589355, 0.7777777910232544], "val_accuracy": [0.8544921875, 0.84765625, 0.865234375, 0.859375, 0.8818359375, 0.8740234375, 0.865234375, 0.8759765625, 0.8603515625, 0.8212890625], "val_loss": [0.3150421977043152, 0.3227100372314453, 0.3071841895580292, 0.302836537361145, 0.264001727104187, 0.27275994420051575, 0.28267449140548706, 0.28295764327049255, 0.28967785835266113, 0.41557496786117554], "val_precision": [0.926183819770813, 0.9095816612243652, 0.9756097793579102, 0.9572271108627319, 0.9419087171554565, 0.9376731514930725, 0.9685157537460327, 0.9788519740104675, 0.9463768005371094, 0.9915110468864441], "val_recall": [0.8738502264022827, 0.8833552002906799, 0.8398950099945068, 0.8494764566421509, 0.8960526585578918, 0.8896189332008362, 0.846657931804657, 0.8515111804008484, 0.8603425621986389, 0.7664042115211487]}